{
  "M": 225,
  "M_smooth_B": 8,
  "alternate_witness": {
    "M": 225,
    "M_smooth_B": 8,
    "beats_budget": true,
    "below_capacity": true,
    "center": "x^228",
    "delta_entropy": 0.7473699153404939,
    "ell": 4,
    "eps_bits": 128.0,
    "k": 225,
    "list_lower_bound": 1230156107426602022802577569679062649087779656001965400,
    "log2_budget": 127.97227209501648,
    "log2_list_lower_bound": 179.68295852982317,
    "log2_margin": 51.71068643480669,
    "lower_bound": "binom(225,57)",
    "n": 900,
    "n_smooth_B": 8,
    "p": 113587870819372984150413973900815656245416580843101846708780512849404592004301,
    "p_bit_length": 256,
    "p_mod_n": 1,
    "prime_found": true,
    "prime_verified": true,
    "q_bits": 255.97227209501648,
    "r": 57,
    "radius": 0.7466666666666666,
    "rho": 0.25,
    "rho_den": 4,
    "rho_num": 1,
    "s": 228
  },
  "beats_budget": true,
  "below_capacity": true,
  "center": "x^228",
  "delta_entropy": 0.7473555627193669,
  "ell": 4,
  "eps_bits": 128.0,
  "k": 225,
  "list_lower_bound": 1230156107426602022802577569679062649087779656001965400,
  "log2_budget": 127.00000000000003,
  "log2_list_lower_bound": 179.68295852982317,
  "log2_margin": 52.68295852982314,
  "lower_bound": "binom(225,57)",
  "n": 900,
  "n_smooth_B": 8,
  "p": 57896044618658832082471718862899876603311192244129634666496950740282297548801,
  "p_bit_length": 256,
  "p_mod_n": 1,
  "prime_found": true,
  "prime_verification": {
    "certificate_type": "Proth",
    "n": 900,
    "p": 57896044618658832082471718862899876603311192244129634666496950740282297548801,
    "p_bit_length": 256,
    "p_mod_n": 1,
    "prime_verified": true,
    "proth_certificate_verified": true,
    "proth_k": 36028797018964425,
    "proth_n": 200,
    "proth_witness": 7,
    "q_bits": 255.00000000000003
  },
  "prime_verified": true,
  "q_bits": 255.00000000000003,
  "r": 57,
  "radius": 0.7466666666666666,
  "rho": 0.25,
  "rho_den": 4,
  "rho_num": 1,
  "s": 228
}
